INSERT
          INTO USERS (id, username, password, first_name, last_name, email, phone_number, enabled,
                      last_password_reset_date)
          VALUES (1, 'user', '$2a$10$WLwcnHeoqezsdoNSrqLV6.HinUcVjipzoJhNlabUY/r29nE7x/2za', 'soojung', 'choi', 'user@example.com', '+821012345678', true, '2020-03-08 21:58:58.508-07');

INSERT INTO AUTHORITY (id, name)
VALUES (1, 'ROLE_USER');
INSERT INTO AUTHORITY (id, name)
VALUES (2, 'ROLE_ADMIN');

INSERT INTO USER_AUTHORITY (user_id, authority_id)
VALUES (1, 1);



INSERT INTO goods (GOODS_ID, name, PROVIDER, PRICE)
VALUES (1, 'Python Hood T-Shirts', 'StyleShare', 20000);
INSERT INTO goods (GOODS_ID, name, PROVIDER, PRICE)
VALUES (2, 'JAVA Round T-Shirts', 'StyleShare', 15000);
INSERT INTO goods (GOODS_ID, name, PROVIDER, PRICE)
VALUES (3, 'PHP V Neck T-Shirts', 'StyleShare', 15000);
INSERT INTO goods (GOODS_ID, name, PROVIDER, PRICE)
VALUES (4, 'Flask Jacket', 'StyleShare', 3000);
INSERT INTO goods (GOODS_ID, name, PROVIDER, PRICE)
VALUES (5, 'Spring Boot Jacket', 'StyleShare', 20000);
INSERT INTO goods (GOODS_ID, name, PROVIDER, PRICE)
VALUES (6, 'Codeigniter Jacket', 'StyleShare', 5000);
INSERT INTO goods (GOODS_ID, name, PROVIDER, PRICE)
VALUES (7, 'Django Jacket', '29cm', 15000);

INSERT INTO option (GOODS_ID, ID, COLOR, SIZE, STOCK)
VALUES (1, 1001, 'yellow', 'S', 10);
INSERT INTO option (GOODS_ID, ID, COLOR, SIZE, STOCK)
VALUES (1, 1002, 'yellow', 'M', 10);
INSERT INTO option (GOODS_ID, ID, COLOR, SIZE, STOCK)
VALUES (1, 1003, 'yellow', 'L', 10);
INSERT INTO option (GOODS_ID, ID, COLOR, SIZE, STOCK)
VALUES (1, 1004, 'blue', 'S', 10);
INSERT INTO option (GOODS_ID, ID, COLOR, SIZE, STOCK)
VALUES (1, 1005, 'blue', 'M', 10);
INSERT INTO option (GOODS_ID, ID, COLOR, SIZE, STOCK)
VALUES (1, 1006, 'blue', 'L', 10);
INSERT INTO option (GOODS_ID, ID, COLOR, SIZE, STOCK)
VALUES (2, 2001, 'green', 'S', 10);
INSERT INTO option (GOODS_ID, ID, COLOR, SIZE, STOCK)
VALUES (2, 2002, 'green', 'M', 10);
INSERT INTO option (GOODS_ID, ID, COLOR, SIZE, STOCK)
VALUES (2, 2003, 'green', 'L', 10);
INSERT INTO option (GOODS_ID, ID, COLOR, SIZE, STOCK)
VALUES (3, 3001, 'violet', 'S', 10);
INSERT INTO option (GOODS_ID, ID, COLOR, SIZE, STOCK)
VALUES (3, 3002, 'violet', 'M', 10);
INSERT INTO option (GOODS_ID, ID, COLOR, SIZE, STOCK)
VALUES (3, 3003, 'violet', 'L', 10);
INSERT INTO option (GOODS_ID, ID, COLOR, SIZE, STOCK)
VALUES (4, 4001, 'black', 'S', 10);
INSERT INTO option (GOODS_ID, ID, COLOR, SIZE, STOCK)
VALUES (4, 4002, 'black', 'M', 10);
INSERT INTO option (GOODS_ID, ID, COLOR, SIZE, STOCK)
VALUES (4, 4003, 'black', 'L', 10);
INSERT INTO option (GOODS_ID, ID, COLOR, SIZE, STOCK)
VALUES (5, 5001, 'yellowgreen', 'S', 10);
INSERT INTO option (GOODS_ID, ID, COLOR, SIZE, STOCK)
VALUES (5, 5002, 'yellowgreen', 'M', 10);
INSERT INTO option (GOODS_ID, ID, COLOR, SIZE, STOCK)
VALUES (5, 5003, 'yellowgreen', 'L', 10);
INSERT INTO option (GOODS_ID, ID, COLOR, SIZE, STOCK)
VALUES (5, 5004, 'yellowgreen', 'XL', 10);
INSERT INTO option (GOODS_ID, ID, COLOR, SIZE, STOCK)
VALUES (6, 6001, 'red', 'S', 100);
INSERT INTO option (GOODS_ID, ID, COLOR, SIZE, STOCK)
VALUES (6, 6002, 'red', 'M', 120);
INSERT INTO option (GOODS_ID, ID, COLOR, SIZE, STOCK)
VALUES (7, 7001, 'green', 'M', 0);
INSERT INTO option (GOODS_ID, ID, COLOR, SIZE, STOCK)
VALUES (7, 7002, 'green', 'S', 30);


INSERT INTO SHIPPING (GOODS_ID, SHIPPING_ID, METHOD, PRICE, CAN_BUNDLE)
VALUES (1, 1, 'FREE', 0, true);
INSERT INTO SHIPPING (GOODS_ID, SHIPPING_ID, METHOD, PRICE, CAN_BUNDLE)
VALUES (2, 2, 'PREPAY', 3000, true);
INSERT INTO SHIPPING (GOODS_ID, SHIPPING_ID, METHOD, PRICE, CAN_BUNDLE)
VALUES (3, 3, 'PREPAY', 5000, false);
INSERT INTO SHIPPING (GOODS_ID, SHIPPING_ID, METHOD, PRICE, CAN_BUNDLE)
VALUES (4, 4, 'PREPAY', 5000, false);
INSERT INTO SHIPPING (GOODS_ID, SHIPPING_ID, METHOD, PRICE, CAN_BUNDLE)
VALUES (5, 5, 'FREE', 0, true);
INSERT INTO SHIPPING (GOODS_ID, SHIPPING_ID, METHOD, PRICE, CAN_BUNDLE)
VALUES (6, 6, 'PREPAY', 5000, false);
INSERT INTO SHIPPING (GOODS_ID, SHIPPING_ID, METHOD, PRICE, CAN_BUNDLE)
VALUES (7, 7, 'PREPAY', 2500, true);